student_id,life_risk,study_risk,sport_risk,total_risk
pjwtqxbj965,1.0,,,1.0
pjxpqxbj944,1.0,,,1.0
pjxuqwbj474,1.0,,,1.0
pjxuqwbj800,1.0,,,1.0
pjxyqwbk826,1.0,,,1.0
pjxyqxbj241,1.0,,,1.0
pjxyqxbk414,1.0,,,1.0
pjxyqxbk680,1.0,,,1.0
pjxyqxbj469,0.9987,,,0.9987
pjxrqxbj962,0.9981,,,0.9981
pjxuqwbj585,0.9981,,,0.9981
pjxyqxbj419,0.9981,,,0.9981
pjxyqxbj679,0.9981,,,0.9981
pjxyqxbl797,0.9981,,,0.9981
pjxyqwbj100,0.9975,,,0.9975
pjxyqxbk520,0.9975,,,0.9975
pjxyqxbj290,0.9959,,,0.9959
pjxrqxbj903,0.995,,,0.995
pjxyqwbj088,0.9935,,,0.9935
pjxyqwbj248,0.9931,,,0.9931
pjxyqxbj681,0.9902,,,0.9902
pjxuqwbj714,0.9871,,,0.9871
pjxyqwbj086,0.9871,,,0.9871
pjxqqxbj985,0.9816,,,0.9816
pjxyqxbj054,0.98,,,0.98
pjxyqxbl673,0.979,,,0.979
pjxyqxbj658,0.9775,,,0.9775
pjxyqxbk501,,0.97,,0.97
pjxyqxbj955,0.9672,,,0.9672
pjxyqwbj485,0.9653,,,0.9653
pjxuqwbj783,0.96,,,0.96
pjxyqwbj646,0.9575,,,0.9575
pjxyqxbj895,0.9575,,,0.9575
pjxxxxbj955,0.9488,,,0.9488
pjxrqxbj955,0.9471,,,0.9471
pjxuqwbj778,0.9471,,,0.9471
pjxyqxbk980,0.9456,,,0.9456
pjxuqwbj770,0.9444,,,0.9444
pjxyqxbl737,0.9444,,,0.9444
pjxyqwbk893,0.9443,,,0.9443
pjxyqxbl808,0.9411,,,0.9411
pjxyqxbk101,0.94,,,0.94
pjxyqxbk630,0.94,,,0.94
pjxyqxbj151,0.9389,,,0.9389
pjxpqxbj915,0.9327,,,0.9327
pjxsqxbj916,0.9327,,,0.9327
pjxyqxbk350,0.9327,,,0.9327
pjxyqwbj732,0.9308,,,0.9308
pjxpqxbj937,0.9301,,,0.9301
pjxyqxbl839,0.9263,,,0.9263
pjxuqwbj818,0.925,,,0.925
pjxyqxbk798,0.925,,,0.925
pjxuqwbj591,0.9235,,,0.9235
pjxuqwbj666,0.9213,,,0.9213
pjxuqwbj837,0.921,,,0.921
pjxyqxbj762,0.9074,,,0.9074
pjxrqxbj990,0.9049,,,0.9049
pjxyqxbk458,0.9049,,,0.9049
pjxsqxbj971,0.9024,,,0.9024
pjxyqxbk065,0.9024,,,0.9024
pjxyqwbj219,0.8975,,,0.8975
pjxyqxbk723,,0.8975,,0.8975
pjxyqxbl929,0.8958,,,0.8958
pjxqqxbj957,0.8953,,,0.8953
pjxqqxbj964,0.887,,,0.887
pjxyqxbj261,0.882,,,0.882
pjxyqxbl817,0.872,,,0.872
pjxyqwbj237,0.8586,,,0.8586
pjxyqwbk756,0.8475,,,0.8475
pjxuqwbj500,0.8355,,,0.8355
pjxqqxbj982,0.8129,,,0.8129
pjxyqxbk070,0.8129,,,0.8129
pjxuqwbj528,0.8075,,,0.8075
pjxyqwbk544,0.802,,,0.802
pjxyqwbj166,0.7847,,,0.7847
pjxrqxbj943,0.775,,,0.775
pjxyqwbk686,,0.925,0.6123,0.7686
pjxyqxbj198,0.765,,,0.765
pjxyqxbl688,,0.8475,0.6752,0.7613
pjxyqxbj718,,0.895,0.5944,0.7447
pjxsqxbj864,,0.9142,0.5449,0.7296
pjxyqxbl712,,0.7225,,0.7225
pjxuqwbj861,,0.7042,,0.7042
pjxrqxbj905,,0.955,0.4437,0.6993
pjxuqwbj847,,0.6917,,0.6917
pjxyqxbj709,,0.8825,0.4306,0.6566
pjxyqxbj566,,0.6542,,0.6542
pjxuqwbj497,,0.65,,0.65
pjxyqwbk622,,0.65,,0.65
pjxyqxbj169,,0.645,,0.645
pjxsqxbj921,,0.9125,0.3709,0.6417
pjxyqwbj913,,0.915,0.3664,0.6407
pjxyqwbj397,,0.8,0.455,0.6275
pjxyqwbj632,,0.235,1.0,0.6175
pjxrqxbj957,0.6088,,,0.6088
pjxyqxbj399,,0.6069,,0.6069
pjxyqxbl830,0.6068,,,0.6068
pjxyqxbl723,,0.705,0.5082,0.6066
pjxuqwbj606,0.6063,,,0.6063
pjxyqxbk631,,0.6,,0.6
pjxyqxbk839,,0.745,0.455,0.6
pjxuqwbj631,,0.5942,0.6039,0.5991
pjxyqwbk777,,0.7837,0.4072,0.5954
pjxyqwbj288,,0.7925,0.3925,0.5925
pjxyqxbk079,0.591,,,0.591
pjxuqwbj831,0.5015,0.675,,0.5882
pjxpqxbj920,,0.5817,,0.5817
pjxyqwbj888,,0.5775,,0.5775
pjxyqxbl716,,0.5725,,0.5725
pjxyqxbl763,,0.8245,0.3195,0.572
pjxqqxbj961,0.5582,,,0.5582
pjxyqxbk644,0.5582,,,0.5582
pjxyqwbj380,,0.6875,0.4196,0.5536
pjxyqxbl678,,0.55,,0.55
pjxyqxbk080,,0.6817,0.4172,0.5495
pjxyqxbl796,0.5481,,,0.5481
pjxuqwbj586,0.5015,0.5925,,0.547
pjxyqxbl828,0.545,,,0.545
pjxyqxbk500,,0.5425,,0.5425
pjxyqxbj710,0.5015,0.5775,,0.5395
pjxyqxbj159,0.5158,,,0.5158
pjxyqxbj162,,0.5075,,0.5075
pjxyqwbj579,,0.6184,0.3848,0.5016
pjwrqxbj911,0.5015,,,0.5015
pjwrqxbj916,0.5015,,,0.5015
pjwrqxbj949,0.5015,,,0.5015
pjwrqxbj951,0.5015,,,0.5015
pjwrqxbj985,0.5015,,,0.5015
pjwrqxbj993,0.5015,,,0.5015
pjwtqxbj922,0.5015,,,0.5015
pjwtqxbj925,0.5015,,,0.5015
pjwtqxbj935,0.5015,,,0.5015
pjwtqxbj954,0.5015,,,0.5015
pjwtqxbj974,0.5015,,,0.5015
pjwtqxbj998,0.5015,,,0.5015
pjxpqxbj925,0.5015,,,0.5015
pjxpqxbj932,0.5015,,,0.5015
pjxpqxbj941,0.5015,,,0.5015
pjxpqxbj962,0.5015,,,0.5015
pjxpqxbj963,0.5015,,,0.5015
pjxpqxbj981,0.5015,,,0.5015
pjxqqxbj951,0.5015,,,0.5015
pjxqqxbj954,0.5015,,,0.5015
pjxqqxbj969,0.5015,,,0.5015
pjxqqxbj970,0.5015,,,0.5015
pjxqqxbj975,0.5015,,,0.5015
pjxqqxbj977,0.5015,,,0.5015
pjxqqxbj981,0.5015,,,0.5015
pjxqqxbj983,0.5015,,,0.5015
pjxqqxbj986,0.5015,,,0.5015
pjxqqxbj989,0.5015,,,0.5015
pjxqqxbj991,0.5015,,,0.5015
pjxqqxbj997,0.5015,,,0.5015
pjxqzxbj980,0.5015,,,0.5015
pjxqzxbj984,0.5015,,,0.5015
pjxqzxbj985,0.5015,,,0.5015
pjxqzxbj989,0.5015,,,0.5015
pjxqzxbj994,0.5015,,,0.5015
pjxqzxbj996,0.5015,,,0.5015
pjxrqxbj894,0.5015,,,0.5015
pjxrqxbj898,0.5015,,,0.5015
pjxrqxbj901,0.5015,,,0.5015
pjxrqxbj908,0.5015,,,0.5015
pjxrqxbj909,0.5015,,,0.5015
pjxrqxbj911,0.5015,,,0.5015
pjxrqxbj918,0.5015,,,0.5015
pjxrqxbj928,0.5015,,,0.5015
pjxrqxbj930,0.5015,,,0.5015
pjxrqxbj937,0.5015,,,0.5015
pjxrqxbj939,0.5015,,,0.5015
pjxrqxbj942,0.5015,,,0.5015
pjxrqxbj944,0.5015,,,0.5015
pjxrqxbj951,0.5015,,,0.5015
pjxrqxbj952,0.5015,,,0.5015
pjxrqxbj954,0.5015,,,0.5015
pjxrqxbj958,0.5015,,,0.5015
pjxrqxbj961,0.5015,,,0.5015
pjxrqxbj969,0.5015,,,0.5015
pjxrqxbj971,0.5015,,,0.5015
pjxrqxbj972,0.5015,,,0.5015
pjxrqxbj978,0.5015,,,0.5015
pjxrqxbj983,0.5015,,,0.5015
pjxrqxbj994,0.5015,,,0.5015
pjxsqxbj778,0.5015,,,0.5015
pjxsqxbj800,0.5015,,,0.5015
pjxsqxbj807,0.5015,,,0.5015
pjxsqxbj808,0.5015,,,0.5015
pjxsqxbj810,0.5015,,,0.5015
pjxsqxbj811,0.5015,,,0.5015
pjxsqxbj867,0.5015,,,0.5015
pjxsqxbj872,0.5015,,,0.5015
pjxsqxbj877,0.5015,,,0.5015
pjxsqxbj882,0.5015,,,0.5015
pjxsqxbj884,0.5015,,,0.5015
pjxsqxbj888,0.5015,,,0.5015
pjxsqxbj894,0.5015,,,0.5015
pjxsqxbj900,0.5015,,,0.5015
pjxsqxbj912,0.5015,,,0.5015
pjxsqxbj925,0.5015,,,0.5015
pjxsqxbj927,0.5015,,,0.5015
pjxsqxbj932,0.5015,,,0.5015
pjxsqxbj934,0.5015,,,0.5015
pjxsqxbj940,0.5015,,,0.5015
pjxsqxbj953,0.5015,,,0.5015
pjxsqxbj957,0.5015,,,0.5015
pjxsqxbj965,0.5015,,,0.5015
pjxsqxbj980,0.5015,,,0.5015
pjxsqxbj986,0.5015,,,0.5015
pjxsqxbj994,0.5015,,,0.5015
pjxuqwbj463,0.5015,,,0.5015
pjxuqwbj499,0.5015,,,0.5015
pjxuqwbj519,0.5015,,,0.5015
pjxuqwbj547,0.5015,,,0.5015
pjxuqwbj552,0.5015,,,0.5015
pjxuqwbj572,0.5015,,,0.5015
pjxuqwbj581,0.5015,,,0.5015
pjxuqwbj582,0.5015,,,0.5015
pjxuqwbj583,0.5015,,,0.5015
pjxuqwbj600,0.5015,,,0.5015
pjxuqwbj615,0.5015,,,0.5015
pjxuqwbj624,0.5015,,,0.5015
pjxuqwbj633,0.5015,,,0.5015
pjxuqwbj641,0.5015,,,0.5015
pjxuqwbj642,0.5015,,,0.5015
pjxuqwbj691,0.5015,,,0.5015
pjxuqwbj738,0.5015,,,0.5015
pjxuqwbj748,0.5015,,,0.5015
pjxuqwbj751,0.5015,,,0.5015
pjxuqwbj758,0.5015,,,0.5015
pjxuqwbj760,0.5015,,,0.5015
pjxuqwbj761,0.5015,,,0.5015
pjxuqwbj773,0.5015,,,0.5015
pjxuqwbj774,0.5015,,,0.5015
pjxuqwbj787,0.5015,,,0.5015
pjxuqwbj812,0.5015,,,0.5015
pjxuqwbj814,0.5015,,,0.5015
pjxuqwbj829,0.5015,,,0.5015
pjxuqwbj833,0.5015,,,0.5015
pjxuqwbj840,0.5015,,,0.5015
pjxuqwbj857,0.5015,,,0.5015
pjxuqwbj876,0.5015,,,0.5015
pjxuqwbj881,0.5015,,,0.5015
pjxuqwbj904,0.5015,,,0.5015
pjxuqwbj915,0.5015,,,0.5015
pjxuqwbj944,0.5015,,,0.5015
pjxuqwbj947,0.5015,,,0.5015
pjxuqwbj967,0.5015,,,0.5015
pjxuqwbj976,0.5015,,,0.5015
pjxuqwbj985,0.5015,,,0.5015
pjxuqwbj996,0.5015,,,0.5015
pjxuzvbj991,0.5015,,,0.5015
pjxuzxbj997,0.5015,,,0.5015
pjxwxxbj928,0.5015,,,0.5015
pjxwxxbj945,0.5015,,,0.5015
pjxwxxbj946,0.5015,,,0.5015
pjxwxxbj981,0.5015,,,0.5015
pjxwzxbj986,0.5015,,,0.5015
pjxwzxbj997,0.5015,,,0.5015
pjxxxxbj922,0.5015,,,0.5015
pjxxxxbj942,0.5015,,,0.5015
pjxxxxbj957,0.5015,,,0.5015
pjxxxxbj980,0.5015,,,0.5015
pjxxxxbj988,0.5015,,,0.5015
pjxxztbj990,0.5015,,,0.5015
pjxxztbj998,0.5015,,,0.5015
pjxxzxkj998,0.5015,,,0.5015
pjxyqwbj004,0.5015,,,0.5015
pjxyqwbj015,0.5015,,,0.5015
pjxyqwbj073,0.5015,,,0.5015
pjxyqwbj146,0.5015,,,0.5015
pjxyqwbj221,0.5015,,,0.5015
pjxyqwbj249,0.5015,,,0.5015
pjxyqwbj255,0.5015,,,0.5015
pjxyqwbj282,0.5015,,,0.5015
pjxyqwbj301,0.5015,,,0.5015
pjxyqwbj302,0.5015,,,0.5015
pjxyqwbj311,0.5015,,,0.5015
pjxyqwbj318,0.5015,,,0.5015
pjxyqwbj333,0.5015,,,0.5015
pjxyqwbj366,0.5015,,,0.5015
pjxyqwbj395,0.5015,,,0.5015
pjxyqwbj398,0.5015,,,0.5015
pjxyqwbj410,0.5015,,,0.5015
pjxyqwbj433,0.5015,,,0.5015
pjxyqwbj435,0.5015,,,0.5015
pjxyqwbj437,0.5015,,,0.5015
pjxyqwbj476,0.5015,,,0.5015
pjxyqwbj479,0.5015,,,0.5015
pjxyqwbj497,0.5015,,,0.5015
pjxyqwbj518,0.5015,,,0.5015
pjxyqwbj524,0.5015,,,0.5015
pjxyqwbj534,0.5015,,,0.5015
pjxyqwbj535,0.5015,,,0.5015
pjxyqwbj538,0.5015,,,0.5015
pjxyqwbj557,0.5015,,,0.5015
pjxyqwbj585,0.5015,,,0.5015
pjxyqwbj588,0.5015,,,0.5015
pjxyqwbj589,0.5015,,,0.5015
pjxyqwbj615,0.5015,,,0.5015
pjxyqwbj617,0.5015,,,0.5015
pjxyqwbj624,0.5015,,,0.5015
pjxyqwbj625,0.5015,,,0.5015
pjxyqwbj628,0.5015,,,0.5015
pjxyqwbj642,0.5015,,,0.5015
pjxyqwbj651,0.5015,,,0.5015
pjxyqwbj669,0.5015,,,0.5015
pjxyqwbj677,0.5015,,,0.5015
pjxyqwbj687,0.5015,,,0.5015
pjxyqwbj697,0.5015,,,0.5015
pjxyqwbj706,0.5015,,,0.5015
pjxyqwbj713,0.5015,,,0.5015
pjxyqwbj727,0.5015,,,0.5015
pjxyqwbj728,0.5015,,,0.5015
pjxyqwbj734,0.5015,,,0.5015
pjxyqwbj742,0.5015,,,0.5015
pjxyqwbj744,0.5015,,,0.5015
pjxyqwbj760,0.5015,,,0.5015
pjxyqwbj773,0.5015,,,0.5015
pjxyqwbj776,0.5015,,,0.5015
pjxyqwbj788,0.5015,,,0.5015
pjxyqwbj828,0.5015,,,0.5015
pjxyqwbj834,0.5015,,,0.5015
pjxyqwbj844,0.5015,,,0.5015
pjxyqwbj870,0.5015,,,0.5015
pjxyqwbj872,0.5015,,,0.5015
pjxyqwbj873,0.5015,,,0.5015
pjxyqwbj884,0.5015,,,0.5015
pjxyqwbj922,0.5015,,,0.5015
pjxyqwbj932,0.5015,,,0.5015
pjxyqwbj935,0.5015,,,0.5015
pjxyqwbj971,0.5015,,,0.5015
pjxyqwbj989,0.5015,,,0.5015
pjxyqwbj991,0.5015,,,0.5015
pjxyqwbk509,0.5015,,,0.5015
pjxyqwbk514,0.5015,,,0.5015
pjxyqwbk529,0.5015,,,0.5015
pjxyqwbk592,0.5015,,,0.5015
pjxyqwbk594,0.5015,,,0.5015
pjxyqwbk617,0.5015,,,0.5015
pjxyqwbk621,0.5015,,,0.5015
pjxyqwbk647,0.5015,,,0.5015
pjxyqwbk650,0.5015,,,0.5015
pjxyqwbk664,0.5015,,,0.5015
pjxyqwbk665,0.5015,,,0.5015
pjxyqwbk675,0.5015,,,0.5015
pjxyqwbk724,0.5015,,,0.5015
pjxyqwbk727,0.5015,,,0.5015
pjxyqwbk746,0.5015,,,0.5015
pjxyqwbk770,0.5015,,,0.5015
pjxyqwbk772,0.5015,,,0.5015
pjxyqwbk791,0.5015,,,0.5015
pjxyqwbk792,0.5015,,,0.5015
pjxyqwbk793,0.5015,,,0.5015
pjxyqwbk795,0.5015,,,0.5015
pjxyqwbk818,0.5015,,,0.5015
pjxyqwbk872,0.5015,,,0.5015
pjxyqwbk889,0.5015,,,0.5015
pjxyqwbk899,0.5015,,,0.5015
pjxyqwbk907,0.5015,,,0.5015
pjxyqwbk964,0.5015,,,0.5015
pjxyqxbj008,0.5015,,,0.5015
pjxyqxbj035,0.5015,,,0.5015
pjxyqxbj038,0.5015,,,0.5015
pjxyqxbj044,0.5015,,,0.5015
pjxyqxbj068,0.5015,,,0.5015
pjxyqxbj073,0.5015,,,0.5015
pjxyqxbj075,0.5015,,,0.5015
pjxyqxbj088,0.5015,,,0.5015
pjxyqxbj103,0.5015,,,0.5015
pjxyqxbj106,0.5015,,,0.5015
pjxyqxbj114,0.5015,,,0.5015
pjxyqxbj125,0.5015,,,0.5015
pjxyqxbj145,0.5015,,,0.5015
pjxyqxbj147,0.5015,,,0.5015
pjxyqxbj150,0.5015,,,0.5015
pjxyqxbj153,0.5015,,,0.5015
pjxyqxbj154,0.5015,,,0.5015
pjxyqxbj182,0.5015,,,0.5015
pjxyqxbj220,0.5015,,,0.5015
pjxyqxbj238,0.5015,,,0.5015
pjxyqxbj242,0.5015,,,0.5015
pjxyqxbj332,0.5015,,,0.5015
pjxyqxbj353,0.5015,,,0.5015
pjxyqxbj361,0.5015,,,0.5015
pjxyqxbj391,0.5015,,,0.5015
pjxyqxbj415,0.5015,,,0.5015
pjxyqxbj428,0.5015,,,0.5015
pjxyqxbj432,0.5015,,,0.5015
pjxyqxbj448,0.5015,,,0.5015
pjxyqxbj454,0.5015,,,0.5015
pjxyqxbj533,0.5015,,,0.5015
pjxyqxbj537,0.5015,,,0.5015
pjxyqxbj544,0.5015,,,0.5015
pjxyqxbj562,0.5015,,,0.5015
pjxyqxbj571,0.5015,,,0.5015
pjxyqxbj574,0.5015,,,0.5015
pjxyqxbj576,0.5015,,,0.5015
pjxyqxbj578,0.5015,,,0.5015
pjxyqxbj581,0.5015,,,0.5015
pjxyqxbj589,0.5015,,,0.5015
pjxyqxbj626,0.5015,,,0.5015
pjxyqxbj638,0.5015,,,0.5015
pjxyqxbj659,0.5015,,,0.5015
pjxyqxbj662,0.5015,,,0.5015
pjxyqxbj682,0.5015,,,0.5015
pjxyqxbj701,0.5015,,,0.5015
pjxyqxbj703,0.5015,,,0.5015
pjxyqxbj714,0.5015,,,0.5015
pjxyqxbj722,0.5015,,,0.5015
pjxyqxbj729,0.5015,,,0.5015
pjxyqxbj736,0.5015,,,0.5015
pjxyqxbj737,0.5015,,,0.5015
pjxyqxbj740,0.5015,,,0.5015
pjxyqxbj765,0.5015,,,0.5015
pjxyqxbj791,0.5015,,,0.5015
pjxyqxbj798,0.5015,,,0.5015
pjxyqxbj807,0.5015,,,0.5015
pjxyqxbj828,0.5015,,,0.5015
pjxyqxbj841,0.5015,,,0.5015
pjxyqxbj857,0.5015,,,0.5015
pjxyqxbj861,0.5015,,,0.5015
pjxyqxbj862,0.5015,,,0.5015
pjxyqxbj868,0.5015,,,0.5015
pjxyqxbj871,0.5015,,,0.5015
pjxyqxbj872,0.5015,,,0.5015
pjxyqxbj889,0.5015,,,0.5015
pjxyqxbj909,0.5015,,,0.5015
pjxyqxbj914,0.5015,,,0.5015
pjxyqxbj915,0.5015,,,0.5015
pjxyqxbj918,0.5015,,,0.5015
pjxyqxbj922,0.5015,,,0.5015
pjxyqxbj927,0.5015,,,0.5015
pjxyqxbj954,0.5015,,,0.5015
pjxyqxbj972,0.5015,,,0.5015
pjxyqxbj973,0.5015,,,0.5015
pjxyqxbj978,0.5015,,,0.5015
pjxyqxbj979,0.5015,,,0.5015
pjxyqxbj980,0.5015,,,0.5015
pjxyqxbj984,0.5015,,,0.5015
pjxyqxbj991,0.5015,,,0.5015
pjxyqxbk011,0.5015,,,0.5015
pjxyqxbk021,0.5015,,,0.5015
pjxyqxbk022,0.5015,,,0.5015
pjxyqxbk027,0.5015,,,0.5015
pjxyqxbk031,0.5015,,,0.5015
pjxyqxbk036,0.5015,,,0.5015
pjxyqxbk047,0.5015,,,0.5015
pjxyqxbk048,0.5015,,,0.5015
pjxyqxbk052,0.5015,,,0.5015
pjxyqxbk090,0.5015,,,0.5015
pjxyqxbk095,0.5015,,,0.5015
pjxyqxbk147,0.5015,,,0.5015
pjxyqxbk148,0.5015,,,0.5015
pjxyqxbk165,0.5015,,,0.5015
pjxyqxbk210,0.5015,,,0.5015
pjxyqxbk211,0.5015,,,0.5015
pjxyqxbk230,0.5015,,,0.5015
pjxyqxbk272,0.5015,,,0.5015
pjxyqxbk276,0.5015,,,0.5015
pjxyqxbk316,0.5015,,,0.5015
pjxyqxbk318,0.5015,,,0.5015
pjxyqxbk334,0.5015,,,0.5015
pjxyqxbk336,0.5015,,,0.5015
pjxyqxbk341,0.5015,,,0.5015
pjxyqxbk358,0.5015,,,0.5015
pjxyqxbk368,0.5015,,,0.5015
pjxyqxbk382,0.5015,,,0.5015
pjxyqxbk399,0.5015,,,0.5015
pjxyqxbk411,0.5015,,,0.5015
pjxyqxbk429,0.5015,,,0.5015
pjxyqxbk469,0.5015,,,0.5015
pjxyqxbk474,0.5015,,,0.5015
pjxyqxbk484,0.5015,,,0.5015
pjxyqxbk513,0.5015,,,0.5015
pjxyqxbk519,0.5015,,,0.5015
pjxyqxbk522,0.5015,,,0.5015
pjxyqxbk528,0.5015,,,0.5015
pjxyqxbk531,0.5015,,,0.5015
pjxyqxbk537,0.5015,,,0.5015
pjxyqxbk551,0.5015,,,0.5015
pjxyqxbk553,0.5015,,,0.5015
pjxyqxbk566,0.5015,,,0.5015
pjxyqxbk581,0.5015,,,0.5015
pjxyqxbk583,0.5015,,,0.5015
pjxyqxbk590,0.5015,,,0.5015
pjxyqxbk596,0.5015,,,0.5015
pjxyqxbk609,0.5015,,,0.5015
pjxyqxbk637,0.5015,,,0.5015
pjxyqxbk643,0.5015,,,0.5015
pjxyqxbk649,0.5015,,,0.5015
pjxyqxbk676,0.5015,,,0.5015
pjxyqxbk683,0.5015,,,0.5015
pjxyqxbk706,0.5015,,,0.5015
pjxyqxbk715,0.5015,,,0.5015
pjxyqxbk718,0.5015,,,0.5015
pjxyqxbk720,0.5015,,,0.5015
pjxyqxbk772,0.5015,,,0.5015
pjxyqxbk799,0.5015,,,0.5015
pjxyqxbk825,0.5015,,,0.5015
pjxyqxbk836,0.5015,,,0.5015
pjxyqxbk852,0.5015,,,0.5015
pjxyqxbk902,0.5015,,,0.5015
pjxyqxbk903,0.5015,,,0.5015
pjxyqxbk907,0.5015,,,0.5015
pjxyqxbk947,0.5015,,,0.5015
pjxyqxbk954,0.5015,,,0.5015
pjxyqxbk962,0.5015,,,0.5015
pjxyqxbk991,0.5015,,,0.5015
pjxyqxbk995,0.5015,,,0.5015
pjxyqxbl687,0.5015,,,0.5015
pjxyqxbl714,0.5015,,,0.5015
pjxyqxbl730,0.5015,,,0.5015
pjxyqxbl750,0.5015,,,0.5015
pjxyqxbl751,0.5015,,,0.5015
pjxyqxbl753,0.5015,,,0.5015
pjxyqxbl766,0.5015,,,0.5015
pjxyqxbl780,0.5015,,,0.5015
pjxyqxbl794,0.5015,,,0.5015
pjxyqxbl807,0.5015,,,0.5015
pjxyqxbl827,0.5015,,,0.5015
pjxyqxbl869,0.5015,,,0.5015
pjxyqxbl874,0.5015,,,0.5015
pjxyqxbl911,0.5015,,,0.5015
pjxyqxbl912,0.5015,,,0.5015
pjxyqxbl925,0.5015,,,0.5015
pjxyqxbl937,0.5015,,,0.5015
pjxyqxbl975,0.5015,,,0.5015
pjxyqxbl982,0.5015,,,0.5015
pjxyqxbk373,,0.5808,0.4205,0.5007
pjxyqwbj598,0.4975,,,0.4975
pjxyqwbj764,,0.3188,0.6613,0.4901
pjxyqwbk701,,0.51,0.4658,0.4879
pjxyqwbj965,0.4875,,,0.4875
pjxyqwbj754,,0.2084,0.7639,0.4861
pjxyqwbj358,0.4847,,,0.4847
pjxyqwbj418,0.4847,,,0.4847
pjxyqwbj515,0.4847,,,0.4847
pjxyqxbj031,0.4847,,,0.4847
pjxyqxbj032,0.4847,,,0.4847
pjwrqxbj901,,0.4185,0.5482,0.4833
pjxyqwbk652,,0.6325,0.3294,0.481
pjxyqxbk854,,0.48,,0.48
pjxyqwbk951,,0.21,0.7359,0.4729
pjxyqwbj660,0.4666,,,0.4666
pjxuqwbj879,0.4658,,,0.4658
pjxyqxbj501,,0.24,0.6909,0.4654
pjxyqwbk531,,,0.455,0.455
pjxuqwbj694,,0.4525,,0.4525
pjxqqxbj949,0.445,,,0.445
pjxyqxbk722,,0.445,,0.445
pjxyqwbj158,,0.1325,0.754,0.4432
pjxrqxbj963,0.105,0.7625,,0.4337
pjxyqwbj859,0.5015,,0.3655,0.4335
pjxyqxbk894,,0.4325,,0.4325
pjxxxxbj910,,0.4075,0.455,0.4312
pjxrqxbj892,0.4275,,,0.4275
pjxyqxbj893,0.4275,,,0.4275
pjxyqxbk916,,0.335,0.5174,0.4262
pjwrqxbj905,,0.5175,0.3298,0.4236
pjxyqwbk808,0.4225,,,0.4225
pjxyqwbj077,,0.5825,0.2609,0.4217
pjxyqwbj591,,0.3764,0.4645,0.4204
pjxyqxbj027,0.5015,0.3375,,0.4195
pjxyqxbj683,0.5015,0.242,0.5003,0.4146
pjxyqwbj116,,0.2692,0.5565,0.4128
pjxyqwbj701,,0.4524,0.3732,0.4128
pjxyqxbk661,,0.4127,,0.4127
pjxyqxbj640,,0.41,,0.41
pjxyqxbj911,,0.4092,,0.4092
pjxyqxbk503,0.5015,0.095,0.6259,0.4075
pjxuqwbj450,,0.4056,,0.4056
pjxyqxbk732,,0.4013,,0.4013
pjxyqwbj188,,0.272,0.5282,0.4001
pjxyqxbk579,,0.2663,0.5304,0.3984
pjxyqxbj754,,0.265,0.526,0.3955
pjxyqwbk925,,0.255,0.5358,0.3954
pjxyqxbj271,,0.2525,0.5254,0.389
pjxyqwbk949,,0.3526,0.4179,0.3852
pjxyqwbj492,,0.42,0.3496,0.3848
pjvyzxbj998,,0.3481,0.417,0.3825
pjxyqwbj564,,0.3075,0.4438,0.3756
pjxyqwbk900,,0.305,0.4405,0.3728
pjxyqwbj456,0.5015,0.2575,0.3551,0.3713
pjxyqxbk477,,0.04,0.688,0.364
pjwrqxbj919,,0.36,,0.36
pjxyqxbk074,,0.3575,,0.3575
pjxyqxbk918,0.5015,0.2075,,0.3545
pjxyqwbk855,,0.05,0.6563,0.3531
pjxyqxbl739,,0.21,0.455,0.3325
pjxyqxbk198,,0.33,,0.33
pjxsqxbj969,0.5015,0.06,0.4261,0.3292
pjxyqwbj849,,0.25,0.405,0.3275
pjxyqxbj749,0.325,,,0.325
pjxpqxbj978,,0.075,0.57,0.3225
pjxyqwbj868,,0.12,0.525,0.3225
pjxuqwbj538,,0.3225,,0.3225
pjxwxxbj993,,0.3225,,0.3225
pjxyqwbj763,,0.255,0.3805,0.3177
pjxuqwbj980,,0.315,,0.315
pjxyqwbk668,,0.1725,0.4552,0.3139
pjxyqxbj636,,0.31,,0.31
pjxyqwbj452,,0.18,0.438,0.309
pjxyqwbk638,,0.402,0.2134,0.3077
pjxyqxbk342,,0.075,0.5349,0.305
pjxyqxbk162,,0.3025,,0.3025
pjxyqxbl858,,0.3025,,0.3025
pjxyqwbj340,,0.1761,0.4255,0.3008
pjxuqwbj830,0.5015,0.0925,,0.297
pjxxzxbj998,0.5015,0.0925,,0.297
pjxyqwbk511,,0.1625,0.4304,0.2965
pjxyqxbk401,,0.2956,,0.2956
pjxuqwbj496,,0.135,0.455,0.295
pjxyqwbj367,,0.2492,0.3401,0.2947
pjxyqxbk775,,0.13,0.455,0.2925
pjxyqwbk624,,0.18,0.4009,0.2904
pjxuqwbj638,0.5015,0.0775,,0.2895
pjxsqxbj936,,0.0375,0.538,0.2878
pjxyqxbj315,0.287,,,0.287
pjxpqxbj934,,0.1225,0.446,0.2842
pjxyqwbj279,,0.12,0.4444,0.2822
pjxyqxbl943,,0.28,,0.28
pjxyqxbk125,,0.2775,,0.2775
pjxyqxbk603,,0.1775,0.3734,0.2754
pjxyqxbj063,,0.2675,,0.2675
pjxyqxbj225,,0.2675,,0.2675
pjxyqxbj840,,0.095,0.4372,0.2661
pjwtqxbj971,,0.265,,0.265
pjxyqwbk510,,0.115,0.4092,0.2621
pjxyqwbj785,,0.0959,0.4258,0.2608
pjxsqxbj780,,0.26,,0.26
pjxyqxbj585,,0.255,,0.255
pjxrqxbj996,0.2548,,,0.2548
pjxuqwbj511,,0.17,0.3371,0.2536
pjwrqxbj952,,0.235,,0.235
pjxyqxbk783,0.2268,,,0.2268
pjxsqxbj918,,0.0975,0.3521,0.2248
pjxyqxbj221,,0.22,,0.22
pjxyqwbk835,,0.1825,0.2428,0.2127
pjxyqxbj492,,0.2075,,0.2075
pjxyqxbk204,,0.2125,0.1962,0.2044
pjwrzxbj996,,0.2,,0.2
pjxuqwbj750,,0.0888,0.3105,0.1997
pjxyqxbk882,,0.1,0.2988,0.1994
pjxyqxbj827,,0.1975,,0.1975
pjxuqwbj890,,0.195,,0.195
pjxyqxbj691,,0.195,,0.195
pjxyqwbk559,,0.095,0.2949,0.1949
pjxuqwbj925,,0.1938,,0.1938
pjxyqxbj851,0.1928,,,0.1928
pjxtztbj996,,0.1875,,0.1875
pjxuzxbj986,,0.1867,,0.1867
pjxuqwbj651,,0.185,,0.185
pjxyqxbj100,,0.175,,0.175
pjxuqwbj490,,0.1732,,0.1732
pjxyqwbk583,,0.2075,0.1247,0.1661
pjxyqxbk615,,0.165,,0.165
pjxyqxbk268,,0.0525,0.2402,0.1464
pjxyqxbj160,0.1425,,,0.1425
pjxuqwbj933,,0.14,,0.14
pjxyqxbk201,,0.13,,0.13
pjxuqwbj786,,0.12,,0.12
pjxyqxbk000,,0.12,,0.12
pjxyqxbk614,,0.1088,,0.1088
pjxwxxbj941,,0.1025,,0.1025
pjxyqwbj441,0.1,,,0.1
pjxyqxbk305,0.1,,,0.1
pjxyqxbj777,,0.0917,,0.0917
pjxsqxbj787,,0.09,,0.09
pjxuqwbj445,,0.09,,0.09
pjxyqxbj753,,0.0875,,0.0875
pjxuqwbj935,,0.08,,0.08
pjxyqxbk470,,0.08,,0.08
pjxyqxbj132,,0.0775,,0.0775
pjxyqxbk953,,0.0725,,0.0725
pjxyqxbl957,,0.0725,,0.0725
pjxyqxbk479,,0.07,,0.07
pjxyqwbj174,,0.095,0.0354,0.0652
pjxyqxbj098,,0.065,,0.065
pjxyqxbk486,,0.0575,,0.0575
pjxyqxbk081,,0.055,,0.055
pjxyqxbj359,,0.0513,,0.0513
pjxyqxbj559,,0.045,,0.045
pjxyqxbj021,,0.0425,,0.0425
pjxyqxbk840,,0.0425,,0.0425
pjxyqxbj403,,0.0375,,0.0375
pjwtqxbj918,,0.025,,0.025
pjxyqwbk736,,0.0375,0.0,0.0187
200307700011,,,,
pjvyzvfj974,,,,
pjvyzvfj977,,,,
pjvyzvfj989,,,,
pjvyzvfj994,,,,
pjvyzvfj998,,,,
pjvyzxbj993,,,,
pjvyzxbj995,,,,
pjvyzxbj997,,,,
pjwqzwbj998,,,,
pjwrqxbj882,,,,
pjwrqxbj884,,,,
pjwrqxbj890,,,,
pjwrqxbj898,,,,
pjwrqxbj913,,,,
pjwrqxbj918,,,,
pjwrqxbj920,,,,
pjwrqxbj923,,,,
pjwrqxbj924,,,,
pjwrqxbj925,,,,
pjwrqxbj926,,,,
pjwrqxbj929,,,,
pjwrqxbj932,,,,
pjwrqxbj935,,,,
pjwrqxbj938,,,,
pjwrqxbj944,,,,
pjwrqxbj945,,,,
pjwrqxbj948,,,,
pjwrqxbj955,,,,
pjwrqxbj956,,,,
pjwrqxbj965,,,,
pjwrqxbj967,,,,
pjwrqxbj973,,,,
pjwrqxbj974,,,,
pjwrqxbj977,,,,
pjwrqxbj978,,,,
pjwrqxbj979,,,,
pjwrqxbj980,,,,
pjwrqxbj983,,,,
pjwrqxbj984,,,,
pjwrqxbj988,,,,
pjwrqxbj991,,,,
pjwrqxbj992,,,,
pjwrqxbj994,,,,
pjwrqxbj998,,,,
pjwtqxbj913,,,,
pjwtqxbj914,,,,
pjwtqxbj920,,,,
pjwtqxbj921,,,,
pjwtqxbj928,,,,
pjwtqxbj929,,,,
pjwtqxbj930,,,,
pjwtqxbj931,,,,
pjwtqxbj932,,,,
pjwtqxbj933,,,,
pjwtqxbj939,,,,
pjwtqxbj941,,,,
pjwtqxbj942,,,,
pjwtqxbj943,,,,
pjwtqxbj944,,,,
pjwtqxbj946,,,,
pjwtqxbj947,,,,
pjwtqxbj950,,,,
pjwtqxbj952,,,,
pjwtqxbj953,,,,
pjwtqxbj957,,,,
pjwtqxbj959,,,,
pjwtqxbj960,,,,
pjwtqxbj967,,,,
pjwtqxbj968,,,,
pjwtqxbj969,,,,
pjwtqxbj972,,,,
pjwtqxbj976,,,,
pjwtqxbj977,,,,
pjwtqxbj979,,,,
pjwtqxbj982,,,,
pjwtqxbj983,,,,
pjwtqxbj984,,,,
pjwtqxbj985,,,,
pjwtqxbj987,,,,
pjwtqxbj988,,,,
pjwtqxbj993,,,,
pjwtzxbj996,,,,
pjwuzxbj992,,,,
pjwuzxbj995,,,,
pjxpqxbj911,,,,
pjxpqxbj912,,,,
pjxpqxbj914,,,,
pjxpqxbj916,,,,
pjxpqxbj918,,,,
pjxpqxbj919,,,,
pjxpqxbj924,,,,
pjxpqxbj926,,,,
pjxpqxbj927,,,,
pjxpqxbj930,,,,
pjxpqxbj933,,,,
pjxpqxbj945,,,,
pjxpqxbj946,,,,
pjxpqxbj954,,,,
pjxpqxbj955,,,,
pjxpqxbj956,,,,
pjxpqxbj957,,,,
pjxpqxbj961,,,,
pjxpqxbj967,,,,
pjxpqxbj969,,,,
pjxpqxbj971,,,,
pjxpqxbj972,,,,
pjxpqxbj973,,,,
pjxpqxbj975,,,,
pjxpqxbj976,,,,
pjxpqxbj977,,,,
pjxpqxbj979,,,,
pjxpqxbj985,,,,
pjxpqxbj986,,,,
pjxpqxbj987,,,,
pjxpqxbj992,,,,
pjxpqxbj994,,,,
pjxpqxbj997,,,,
pjxpqxbj998,,,,
pjxqqxbj947,,,,
pjxqqxbj959,,,,
pjxqqxbj967,,,,
pjxqqxbj973,,,,
pjxqqxbj974,,,,
pjxqqxbj979,,,,
pjxqqxbj988,,,,
pjxqqxbj996,,,,
pjxqqxbj998,,,,
pjxqzxbj967,,,,
pjxqzxbj971,,,,
pjxqzxbj973,,,,
pjxqzxbj975,,,,
pjxqzxbj979,,,,
pjxqzxbj982,,,,
pjxqzxbj983,,,,
pjxqzxbj995,,,,
pjxqzxbj997,,,,
pjxrqxbj891,,,,
pjxrqxbj914,,,,
pjxrqxbj916,,,,
pjxrqxbj919,,,,
pjxrqxbj945,,,,
pjxrqxbj947,,,,
pjxrqxbj973,,,,
pjxrqxbj981,,,,
pjxrqxbj988,,,,
pjxrqxbj992,,,,
pjxsqxbj751,,,,
pjxsqxbj752,,,,
pjxsqxbj758,,,,
pjxsqxbj760,,,,
pjxsqxbj764,,,,
pjxsqxbj765,,,,
pjxsqxbj768,,,,
pjxsqxbj771,,,,
pjxsqxbj772,,,,
pjxsqxbj774,,,,
pjxsqxbj777,,,,
pjxsqxbj779,,,,
pjxsqxbj784,,,,
pjxsqxbj786,,,,
pjxsqxbj788,,,,
pjxsqxbj789,,,,
pjxsqxbj790,,,,
pjxsqxbj792,,,,
pjxsqxbj796,,,,
pjxsqxbj801,,,,
pjxsqxbj809,,,,
pjxsqxbj812,,,,
pjxsqxbj815,,,,
pjxsqxbj816,,,,
pjxsqxbj820,,,,
pjxsqxbj821,,,,
pjxsqxbj823,,,,
pjxsqxbj824,,,,
pjxsqxbj825,,,,
pjxsqxbj826,,,,
pjxsqxbj827,,,,
pjxsqxbj829,,,,
pjxsqxbj831,,,,
pjxsqxbj834,,,,
pjxsqxbj840,,,,
pjxsqxbj843,,,,
pjxsqxbj844,,,,
pjxsqxbj849,,,,
pjxsqxbj851,,,,
pjxsqxbj856,,,,
pjxsqxbj857,,,,
pjxsqxbj859,,,,
pjxsqxbj862,,,,
pjxsqxbj863,,,,
pjxsqxbj871,,,,
pjxsqxbj873,,,,
pjxsqxbj874,,,,
pjxsqxbj876,,,,
pjxsqxbj880,,,,
pjxsqxbj881,,,,
pjxsqxbj885,,,,
pjxsqxbj886,,,,
pjxsqxbj887,,,,
pjxsqxbj892,,,,
pjxsqxbj893,,,,
pjxsqxbj897,,,,
pjxsqxbj899,,,,
pjxsqxbj904,,,,
pjxsqxbj905,,,,
pjxsqxbj906,,,,
pjxsqxbj908,,,,
pjxsqxbj909,,,,
pjxsqxbj920,,,,
pjxsqxbj922,,,,
pjxsqxbj929,,,,
pjxsqxbj938,,,,
pjxsqxbj939,,,,
pjxsqxbj941,,,,
pjxsqxbj942,,,,
pjxsqxbj944,,,,
pjxsqxbj946,,,,
pjxsqxbj949,,,,
pjxsqxbj954,,,,
pjxsqxbj962,,,,
pjxsqxbj966,,,,
pjxsqxbj968,,,,
pjxsqxbj970,,,,
pjxsqxbj976,,,,
pjxsqxbj981,,,,
pjxsqxbj982,,,,
pjxsqxbj983,,,,
pjxsqxbj984,,,,
pjxsqxbj985,,,,
pjxsqxbj989,,,,
pjxsqxbj995,,,,
pjxsqxbj996,,,,
pjxsqxbj997,,,,
pjxsqxbj998,,,,
pjxtztbj985,,,,
pjxtztbj986,,,,
pjxtztbj987,,,,
pjxtztbj989,,,,
pjxtztbj990,,,,
pjxtztbj997,,,,
pjxtztbj998,,,,
pjxtzxbj997,,,,
pjxtzxfj978,,,,
pjxtzxfj980,,,,
pjxtzxfj981,,,,
pjxtzxfj982,,,,
pjxtzxfj983,,,,
pjxtzxfj986,,,,
pjxtzxfj994,,,,
pjxuqwbj443,,,,
pjxuqwbj446,,,,
pjxuqwbj449,,,,
pjxuqwbj454,,,,
pjxuqwbj460,,,,
pjxuqwbj461,,,,
pjxuqwbj468,,,,
pjxuqwbj470,,,,
pjxuqwbj472,,,,
pjxuqwbj473,,,,
pjxuqwbj476,,,,
pjxuqwbj477,,,,
pjxuqwbj478,,,,
pjxuqwbj479,,,,
pjxuqwbj483,,,,
pjxuqwbj485,,,,
pjxuqwbj488,,,,
pjxuqwbj489,,,,
pjxuqwbj491,,,,
pjxuqwbj492,,,,
pjxuqwbj495,,,,
pjxuqwbj498,,,,
pjxuqwbj503,,,,
pjxuqwbj505,,,,
pjxuqwbj507,,,,
pjxuqwbj508,,,,
pjxuqwbj512,,,,
pjxuqwbj515,,,,
pjxuqwbj516,,,,
pjxuqwbj517,,,,
pjxuqwbj525,,,,
pjxuqwbj526,,,,
pjxuqwbj527,,,,
pjxuqwbj529,,,,
pjxuqwbj535,,,,
pjxuqwbj536,,,,
pjxuqwbj537,,,,
pjxuqwbj539,,,,
pjxuqwbj540,,,,
pjxuqwbj545,,,,
pjxuqwbj546,,,,
pjxuqwbj551,,,,
pjxuqwbj558,,,,
pjxuqwbj559,,,,
pjxuqwbj562,,,,
pjxuqwbj564,,,,
pjxuqwbj565,,,,
pjxuqwbj566,,,,
pjxuqwbj568,,,,
pjxuqwbj571,,,,
pjxuqwbj573,,,,
pjxuqwbj574,,,,
pjxuqwbj580,,,,
pjxuqwbj584,,,,
pjxuqwbj588,,,,
pjxuqwbj589,,,,
pjxuqwbj593,,,,
pjxuqwbj594,,,,
pjxuqwbj605,,,,
pjxuqwbj608,,,,
pjxuqwbj609,,,,
pjxuqwbj610,,,,
pjxuqwbj618,,,,
pjxuqwbj619,,,,
pjxuqwbj621,,,,
pjxuqwbj622,,,,
pjxuqwbj632,,,,
pjxuqwbj634,,,,
pjxuqwbj637,,,,
pjxuqwbj639,,,,
pjxuqwbj643,,,,
pjxuqwbj644,,,,
pjxuqwbj647,,,,
pjxuqwbj648,,,,
pjxuqwbj650,,,,
pjxuqwbj654,,,,
pjxuqwbj655,,,,
pjxuqwbj658,,,,
pjxuqwbj659,,,,
pjxuqwbj661,,,,
pjxuqwbj663,,,,
pjxuqwbj665,,,,
pjxuqwbj673,,,,
pjxuqwbj674,,,,
pjxuqwbj676,,,,
pjxuqwbj677,,,,
pjxuqwbj678,,,,
pjxuqwbj679,,,,
pjxuqwbj686,,,,
pjxuqwbj687,,,,
pjxuqwbj692,,,,
pjxuqwbj695,,,,
pjxuqwbj698,,,,
pjxuqwbj699,,,,
pjxuqwbj701,,,,
pjxuqwbj705,,,,
pjxuqwbj708,,,,
pjxuqwbj711,,,,
pjxuqwbj712,,,,
pjxuqwbj713,,,,
pjxuqwbj715,,,,
pjxuqwbj717,,,,
pjxuqwbj719,,,,
pjxuqwbj721,,,,
pjxuqwbj723,,,,
pjxuqwbj724,,,,
pjxuqwbj726,,,,
pjxuqwbj731,,,,
pjxuqwbj733,,,,
pjxuqwbj734,,,,
pjxuqwbj735,,,,
pjxuqwbj739,,,,
pjxuqwbj745,,,,
pjxuqwbj755,,,,
pjxuqwbj757,,,,
pjxuqwbj763,,,,
pjxuqwbj766,,,,
pjxuqwbj767,,,,
pjxuqwbj772,,,,
pjxuqwbj781,,,,
pjxuqwbj784,,,,
pjxuqwbj785,,,,
pjxuqwbj788,,,,
pjxuqwbj796,,,,
pjxuqwbj797,,,,
pjxuqwbj799,,,,
pjxuqwbj803,,,,
pjxuqwbj804,,,,
pjxuqwbj805,,,,
pjxuqwbj806,,,,
pjxuqwbj811,,,,
pjxuqwbj826,,,,
pjxuqwbj838,,,,
pjxuqwbj839,,,,
pjxuqwbj845,,,,
pjxuqwbj848,,,,
pjxuqwbj850,,,,
pjxuqwbj853,,,,
pjxuqwbj854,,,,
pjxuqwbj858,,,,
pjxuqwbj870,,,,
pjxuqwbj871,,,,
pjxuqwbj873,,,,
pjxuqwbj877,,,,
pjxuqwbj878,,,,
pjxuqwbj883,,,,
pjxuqwbj892,,,,
pjxuqwbj894,,,,
pjxuqwbj898,,,,
pjxuqwbj903,,,,
pjxuqwbj905,,,,
pjxuqwbj906,,,,
pjxuqwbj914,,,,
pjxuqwbj916,,,,
pjxuqwbj917,,,,
pjxuqwbj918,,,,
pjxuqwbj927,,,,
pjxuqwbj928,,,,
pjxuqwbj930,,,,
pjxuqwbj937,,,,
pjxuqwbj950,,,,
pjxuqwbj952,,,,
pjxuqwbj953,,,,
pjxuqwbj954,,,,
pjxuqwbj955,,,,
pjxuqwbj956,,,,
pjxuqwbj958,,,,
pjxuqwbj962,,,,
pjxuqwbj974,,,,
pjxuqwbj986,,,,
pjxuqwbj988,,,,
pjxuqwbj992,,,,
pjxuqwbj993,,,,
pjxuqwbj994,,,,
pjxuzsfj977,,,,
pjxuzsfj978,,,,
pjxuzsfj980,,,,
pjxuzsfj981,,,,
pjxuzsfj983,,,,
pjxuzsfj984,,,,
pjxuzsfj988,,,,
pjxuzsfj995,,,,
pjxuzvbj996,,,,
pjxuzxbj984,,,,
pjxuzxbj987,,,,
pjxvzrfj975,,,,
pjxvzrfj978,,,,
pjxvzrfj981,,,,
pjxvzrfj997,,,,
pjxvztfj974,,,,
pjxvztfj976,,,,
pjxvztfj977,,,,
pjxvztfj980,,,,
pjxvztfj985,,,,
pjxvztfj990,,,,
pjxvztfj991,,,,
pjxvztfj992,,,,
pjxvztfj994,,,,
pjxvzxbj989,,,,
pjxvzxbj996,,,,
pjxvzxbj997,,,,
pjxvzxfj970,,,,
pjxvzxfj972,,,,
pjxvzxfj980,,,,
pjxvzxfj982,,,,
pjxvzxfj987,,,,
pjxvzxfj988,,,,
pjxvzxfj998,,,,
pjxwxxbj899,,,,
pjxwxxbj905,,,,
pjxwxxbj907,,,,
pjxwxxbj908,,,,
pjxwxxbj910,,,,
pjxwxxbj913,,,,
pjxwxxbj914,,,,
pjxwxxbj915,,,,
pjxwxxbj916,,,,
pjxwxxbj918,,,,
pjxwxxbj924,,,,
pjxwxxbj927,,,,
pjxwxxbj930,,,,
pjxwxxbj934,,,,
pjxwxxbj938,,,,
pjxwxxbj940,,,,
pjxwxxbj943,,,,
pjxwxxbj944,,,,
pjxwxxbj949,,,,
pjxwxxbj951,,,,
pjxwxxbj953,,,,
pjxwxxbj960,,,,
pjxwxxbj963,,,,
pjxwxxbj964,,,,
pjxwxxbj967,,,,
pjxwxxbj970,,,,
pjxwxxbj972,,,,
pjxwxxbj983,,,,
pjxwxxbj992,,,,
pjxwxxbj995,,,,
pjxwzxbj985,,,,
pjxwzxbj987,,,,
pjxwzxbj988,,,,
pjxwzxbj989,,,,
pjxwzxbj990,,,,
pjxwzxbj993,,,,
pjxwzxbj996,,,,
pjxwzxbj998,,,,
pjxwzxfj975,,,,
pjxwzxfj977,,,,
pjxwzxfj981,,,,
pjxwzxfj983,,,,
pjxwzxfj984,,,,
pjxwzxfj987,,,,
pjxwzxfj991,,,,
pjxwzxfj992,,,,
pjxwzxfj993,,,,
pjxwzxfj994,,,,
pjxwzxkj985,,,,
pjxwzxkj989,,,,
pjxwzxkj991,,,,
pjxwzxkj992,,,,
pjxwzxkj993,,,,
pjxwzxkj996,,,,
pjxwzxkj998,,,,
pjxxxxbj901,,,,
pjxxxxbj904,,,,
pjxxxxbj907,,,,
pjxxxxbj908,,,,
pjxxxxbj911,,,,
pjxxxxbj912,,,,
pjxxxxbj913,,,,
pjxxxxbj914,,,,
pjxxxxbj915,,,,
pjxxxxbj916,,,,
pjxxxxbj917,,,,
pjxxxxbj921,,,,
pjxxxxbj923,,,,
pjxxxxbj930,,,,
pjxxxxbj932,,,,
pjxxxxbj933,,,,
pjxxxxbj937,,,,
pjxxxxbj941,,,,
pjxxxxbj943,,,,
pjxxxxbj944,,,,
pjxxxxbj945,,,,
pjxxxxbj953,,,,
pjxxxxbj958,,,,
pjxxxxbj963,,,,
pjxxxxbj966,,,,
pjxxxxbj968,,,,
pjxxxxbj970,,,,
pjxxxxbj975,,,,
pjxxxxbj981,,,,
pjxxxxbj986,,,,
pjxxxxbj987,,,,
pjxxxxbj989,,,,
pjxxxxbj995,,,,
pjxxxxbj997,,,,
pjxxztbj994,,,,
pjxxztbj995,,,,
pjxxztfj972,,,,
pjxxztfj975,,,,
pjxxztfj982,,,,
pjxxztfj986,,,,
pjxxztfj988,,,,
pjxxztfj991,,,,
pjxxztfj992,,,,
pjxxztfj995,,,,
pjxxztfj997,,,,
pjxxzxbj995,,,,
pjxxzxkj978,,,,
pjxxzxkj979,,,,
pjxxzxkj981,,,,
pjxxzxkj983,,,,
pjxxzxkj987,,,,
pjxxzxkj990,,,,
pjxxzxkj991,,,,
pjxxzxkj995,,,,
pjxxzxkj997,,,,
pjxyqwbj001,,,,
pjxyqwbj002,,,,
pjxyqwbj003,,,,
pjxyqwbj006,,,,
pjxyqwbj007,,,,
pjxyqwbj013,,,,
pjxyqwbj016,,,,
pjxyqwbj018,,,,
pjxyqwbj020,,,,
pjxyqwbj022,,,,
pjxyqwbj023,,,,
pjxyqwbj027,,,,
pjxyqwbj031,,,,
pjxyqwbj033,,,,
pjxyqwbj034,,,,
pjxyqwbj035,,,,
pjxyqwbj036,,,,
pjxyqwbj038,,,,
pjxyqwbj041,,,,
pjxyqwbj043,,,,
pjxyqwbj044,,,,
pjxyqwbj046,,,,
pjxyqwbj047,,,,
pjxyqwbj049,,,,
pjxyqwbj050,,,,
pjxyqwbj052,,,,
pjxyqwbj053,,,,
pjxyqwbj054,,,,
pjxyqwbj058,,,,
pjxyqwbj059,,,,
pjxyqwbj061,,,,
pjxyqwbj062,,,,
pjxyqwbj069,,,,
pjxyqwbj072,,,,
pjxyqwbj078,,,,
pjxyqwbj080,,,,
pjxyqwbj082,,,,
pjxyqwbj084,,,,
pjxyqwbj085,,,,
pjxyqwbj087,,,,
pjxyqwbj089,,,,
pjxyqwbj090,,,,
pjxyqwbj092,,,,
pjxyqwbj095,,,,
pjxyqwbj098,,,,
pjxyqwbj101,,,,
pjxyqwbj104,,,,
pjxyqwbj108,,,,
pjxyqwbj109,,,,
pjxyqwbj112,,,,
pjxyqwbj117,,,,
pjxyqwbj122,,,,
pjxyqwbj125,,,,
pjxyqwbj126,,,,
pjxyqwbj129,,,,
pjxyqwbj130,,,,
pjxyqwbj133,,,,
pjxyqwbj139,,,,
pjxyqwbj149,,,,
pjxyqwbj150,,,,
pjxyqwbj153,,,,
pjxyqwbj154,,,,
pjxyqwbj155,,,,
pjxyqwbj156,,,,
pjxyqwbj159,,,,
pjxyqwbj163,,,,
pjxyqwbj164,,,,
pjxyqwbj169,,,,
pjxyqwbj171,,,,
pjxyqwbj172,,,,
pjxyqwbj181,,,,
pjxyqwbj185,,,,
pjxyqwbj190,,,,
pjxyqwbj191,,,,
pjxyqwbj192,,,,
pjxyqwbj193,,,,
pjxyqwbj197,,,,
pjxyqwbj201,,,,
pjxyqwbj203,,,,
pjxyqwbj205,,,,
pjxyqwbj207,,,,
pjxyqwbj209,,,,
pjxyqwbj216,,,,
pjxyqwbj223,,,,
pjxyqwbj224,,,,
pjxyqwbj225,,,,
pjxyqwbj232,,,,
pjxyqwbj236,,,,
pjxyqwbj242,,,,
pjxyqwbj243,,,,
pjxyqwbj245,,,,
pjxyqwbj251,,,,
pjxyqwbj252,,,,
pjxyqwbj253,,,,
pjxyqwbj261,,,,
pjxyqwbj262,,,,
pjxyqwbj266,,,,
pjxyqwbj267,,,,
pjxyqwbj269,,,,
pjxyqwbj272,,,,
pjxyqwbj274,,,,
pjxyqwbj276,,,,
pjxyqwbj277,,,,
pjxyqwbj278,,,,
pjxyqwbj283,,,,
pjxyqwbj285,,,,
pjxyqwbj293,,,,
pjxyqwbj299,,,,
pjxyqwbj300,,,,
pjxyqwbj305,,,,
pjxyqwbj307,,,,
pjxyqwbj309,,,,
pjxyqwbj312,,,,
pjxyqwbj315,,,,
pjxyqwbj316,,,,
pjxyqwbj321,,,,
pjxyqwbj322,,,,
pjxyqwbj325,,,,
pjxyqwbj326,,,,
pjxyqwbj327,,,,
pjxyqwbj328,,,,
pjxyqwbj331,,,,
pjxyqwbj334,,,,
pjxyqwbj336,,,,
pjxyqwbj338,,,,
pjxyqwbj339,,,,
pjxyqwbj341,,,,
pjxyqwbj344,,,,
pjxyqwbj347,,,,
pjxyqwbj348,,,,
pjxyqwbj351,,,,
pjxyqwbj356,,,,
pjxyqwbj360,,,,
pjxyqwbj361,,,,
pjxyqwbj362,,,,
pjxyqwbj368,,,,
pjxyqwbj369,,,,
pjxyqwbj375,,,,
pjxyqwbj379,,,,
pjxyqwbj384,,,,
pjxyqwbj385,,,,
pjxyqwbj388,,,,
pjxyqwbj391,,,,
pjxyqwbj393,,,,
pjxyqwbj394,,,,
pjxyqwbj396,,,,
pjxyqwbj400,,,,
pjxyqwbj401,,,,
pjxyqwbj402,,,,
pjxyqwbj403,,,,
pjxyqwbj407,,,,
pjxyqwbj408,,,,
pjxyqwbj409,,,,
pjxyqwbj412,,,,
pjxyqwbj417,,,,
pjxyqwbj421,,,,
pjxyqwbj422,,,,
pjxyqwbj425,,,,
pjxyqwbj428,,,,
pjxyqwbj430,,,,
pjxyqwbj431,,,,
pjxyqwbj444,,,,
pjxyqwbj445,,,,
pjxyqwbj453,,,,
pjxyqwbj454,,,,
pjxyqwbj455,,,,
pjxyqwbj459,,,,
pjxyqwbj461,,,,
pjxyqwbj463,,,,
pjxyqwbj464,,,,
pjxyqwbj468,,,,
pjxyqwbj469,,,,
pjxyqwbj472,,,,
pjxyqwbj478,,,,
pjxyqwbj486,,,,
pjxyqwbj487,,,,
pjxyqwbj488,,,,
pjxyqwbj500,,,,
pjxyqwbj506,,,,
pjxyqwbj508,,,,
pjxyqwbj509,,,,
pjxyqwbj522,,,,
pjxyqwbj523,,,,
pjxyqwbj525,,,,
pjxyqwbj527,,,,
pjxyqwbj530,,,,
pjxyqwbj531,,,,
pjxyqwbj532,,,,
pjxyqwbj540,,,,
pjxyqwbj542,,,,
pjxyqwbj548,,,,
pjxyqwbj552,,,,
pjxyqwbj554,,,,
pjxyqwbj555,,,,
pjxyqwbj560,,,,
pjxyqwbj563,,,,
pjxyqwbj566,,,,
pjxyqwbj569,,,,
pjxyqwbj570,,,,
pjxyqwbj574,,,,
pjxyqwbj577,,,,
pjxyqwbj582,,,,
pjxyqwbj584,,,,
pjxyqwbj590,,,,
pjxyqwbj592,,,,
pjxyqwbj594,,,,
pjxyqwbj602,,,,
pjxyqwbj604,,,,
pjxyqwbj605,,,,
pjxyqwbj608,,,,
pjxyqwbj611,,,,
pjxyqwbj613,,,,
pjxyqwbj616,,,,
pjxyqwbj621,,,,
pjxyqwbj622,,,,
pjxyqwbj627,,,,
pjxyqwbj630,,,,
pjxyqwbj631,,,,
pjxyqwbj634,,,,
pjxyqwbj636,,,,
pjxyqwbj640,,,,
pjxyqwbj648,,,,
pjxyqwbj656,,,,
pjxyqwbj658,,,,
pjxyqwbj659,,,,
pjxyqwbj662,,,,
pjxyqwbj663,,,,
pjxyqwbj664,,,,
pjxyqwbj665,,,,
pjxyqwbj671,,,,
pjxyqwbj673,,,,
pjxyqwbj674,,,,
pjxyqwbj678,,,,
pjxyqwbj685,,,,
pjxyqwbj688,,,,
pjxyqwbj691,,,,
pjxyqwbj692,,,,
pjxyqwbj695,,,,
pjxyqwbj698,,,,
pjxyqwbj699,,,,
pjxyqwbj709,,,,
pjxyqwbj710,,,,
pjxyqwbj718,,,,
pjxyqwbj726,,,,
pjxyqwbj733,,,,
pjxyqwbj737,,,,
pjxyqwbj739,,,,
pjxyqwbj741,,,,
pjxyqwbj748,,,,
pjxyqwbj755,,,,
pjxyqwbj758,,,,
pjxyqwbj769,,,,
pjxyqwbj772,,,,
pjxyqwbj775,,,,
pjxyqwbj777,,,,
pjxyqwbj780,,,,
pjxyqwbj782,,,,
pjxyqwbj787,,,,
pjxyqwbj789,,,,
pjxyqwbj790,,,,
pjxyqwbj791,,,,
pjxyqwbj793,,,,
pjxyqwbj796,,,,
pjxyqwbj797,,,,
pjxyqwbj799,,,,
pjxyqwbj802,,,,
pjxyqwbj803,,,,
pjxyqwbj807,,,,
pjxyqwbj808,,,,
pjxyqwbj809,,,,
pjxyqwbj811,,,,
pjxyqwbj820,,,,
pjxyqwbj821,,,,
pjxyqwbj822,,,,
pjxyqwbj825,,,,
pjxyqwbj830,,,,
pjxyqwbj833,,,,
pjxyqwbj836,,,,
pjxyqwbj837,,,,
pjxyqwbj838,,,,
pjxyqwbj839,,,,
pjxyqwbj841,,,,
pjxyqwbj842,,,,
pjxyqwbj847,,,,
pjxyqwbj850,,,,
pjxyqwbj852,,,,
pjxyqwbj853,,,,
pjxyqwbj856,,,,
pjxyqwbj857,,,,
pjxyqwbj864,,,,
pjxyqwbj865,,,,
pjxyqwbj867,,,,
pjxyqwbj869,,,,
pjxyqwbj871,,,,
pjxyqwbj876,,,,
pjxyqwbj877,,,,
pjxyqwbj883,,,,
pjxyqwbj885,,,,
pjxyqwbj886,,,,
pjxyqwbj889,,,,
pjxyqwbj890,,,,
pjxyqwbj895,,,,
pjxyqwbj896,,,,
pjxyqwbj897,,,,
pjxyqwbj902,,,,
pjxyqwbj903,,,,
pjxyqwbj904,,,,
pjxyqwbj905,,,,
pjxyqwbj907,,,,
pjxyqwbj910,,,,
pjxyqwbj912,,,,
pjxyqwbj914,,,,
pjxyqwbj917,,,,
pjxyqwbj923,,,,
pjxyqwbj924,,,,
pjxyqwbj925,,,,
pjxyqwbj926,,,,
pjxyqwbj927,,,,
pjxyqwbj928,,,,
pjxyqwbj929,,,,
pjxyqwbj930,,,,
pjxyqwbj933,,,,
pjxyqwbj936,,,,
pjxyqwbj937,,,,
pjxyqwbj939,,,,
pjxyqwbj940,,,,
pjxyqwbj941,,,,
pjxyqwbj944,,,,
pjxyqwbj945,,,,
pjxyqwbj946,,,,
pjxyqwbj947,,,,
pjxyqwbj949,,,,
pjxyqwbj950,,,,
pjxyqwbj955,,,,
pjxyqwbj958,,,,
pjxyqwbj961,,,,
pjxyqwbj966,,,,
pjxyqwbj967,,,,
pjxyqwbj977,,,,
pjxyqwbj979,,,,
pjxyqwbj985,,,,
pjxyqwbj986,,,,
pjxyqwbj988,,,,
pjxyqwbj993,,,,
pjxyqwbj998,,,,
pjxyqwbk504,,,,
pjxyqwbk505,,,,
pjxyqwbk513,,,,
pjxyqwbk519,,,,
pjxyqwbk520,,,,
pjxyqwbk521,,,,
pjxyqwbk523,,,,
pjxyqwbk527,,,,
pjxyqwbk534,,,,
pjxyqwbk536,,,,
pjxyqwbk537,,,,
pjxyqwbk538,,,,
pjxyqwbk540,,,,
pjxyqwbk541,,,,
pjxyqwbk542,,,,
pjxyqwbk543,,,,
pjxyqwbk547,,,,
pjxyqwbk548,,,,
pjxyqwbk549,,,,
pjxyqwbk551,,,,
pjxyqwbk562,,,,
pjxyqwbk572,,,,
pjxyqwbk575,,,,
pjxyqwbk577,,,,
pjxyqwbk578,,,,
pjxyqwbk581,,,,
pjxyqwbk584,,,,
pjxyqwbk585,,,,
pjxyqwbk595,,,,
pjxyqwbk601,,,,
pjxyqwbk603,,,,
pjxyqwbk604,,,,
pjxyqwbk605,,,,
pjxyqwbk607,,,,
pjxyqwbk608,,,,
pjxyqwbk615,,,,
pjxyqwbk618,,,,
pjxyqwbk620,,,,
pjxyqwbk623,,,,
pjxyqwbk631,,,,
pjxyqwbk632,,,,
pjxyqwbk636,,,,
pjxyqwbk642,,,,
pjxyqwbk644,,,,
pjxyqwbk646,,,,
pjxyqwbk653,,,,
pjxyqwbk656,,,,
pjxyqwbk661,,,,
pjxyqwbk662,,,,
pjxyqwbk666,,,,
pjxyqwbk671,,,,
pjxyqwbk673,,,,
pjxyqwbk678,,,,
pjxyqwbk679,,,,
pjxyqwbk694,,,,
pjxyqwbk697,,,,
pjxyqwbk698,,,,
pjxyqwbk700,,,,
pjxyqwbk706,,,,
pjxyqwbk708,,,,
pjxyqwbk710,,,,
pjxyqwbk713,,,,
pjxyqwbk716,,,,
pjxyqwbk717,,,,
pjxyqwbk720,,,,
pjxyqwbk721,,,,
pjxyqwbk728,,,,
pjxyqwbk729,,,,
pjxyqwbk731,,,,
pjxyqwbk734,,,,
pjxyqwbk735,,,,
pjxyqwbk740,,,,
pjxyqwbk741,,,,
pjxyqwbk745,,,,
pjxyqwbk747,,,,
pjxyqwbk749,,,,
pjxyqwbk754,,,,
pjxyqwbk755,,,,
pjxyqwbk760,,,,
pjxyqwbk761,,,,
pjxyqwbk762,,,,
pjxyqwbk764,,,,
pjxyqwbk767,,,,
pjxyqwbk769,,,,
pjxyqwbk775,,,,
pjxyqwbk779,,,,
pjxyqwbk781,,,,
pjxyqwbk782,,,,
pjxyqwbk787,,,,
pjxyqwbk788,,,,
pjxyqwbk796,,,,
pjxyqwbk799,,,,
pjxyqwbk802,,,,
pjxyqwbk804,,,,
pjxyqwbk806,,,,
pjxyqwbk807,,,,
pjxyqwbk810,,,,
pjxyqwbk812,,,,
pjxyqwbk813,,,,
pjxyqwbk814,,,,
pjxyqwbk815,,,,
pjxyqwbk824,,,,
pjxyqwbk828,,,,
pjxyqwbk829,,,,
pjxyqwbk830,,,,
pjxyqwbk831,,,,
pjxyqwbk834,,,,
pjxyqwbk838,,,,
pjxyqwbk839,,,,
pjxyqwbk844,,,,
pjxyqwbk845,,,,
pjxyqwbk856,,,,
pjxyqwbk859,,,,
pjxyqwbk862,,,,
pjxyqwbk864,,,,
pjxyqwbk865,,,,
pjxyqwbk866,,,,
pjxyqwbk868,,,,
pjxyqwbk869,,,,
pjxyqwbk870,,,,
pjxyqwbk871,,,,
pjxyqwbk879,,,,
pjxyqwbk884,,,,
pjxyqwbk885,,,,
pjxyqwbk895,,,,
pjxyqwbk896,,,,
pjxyqwbk901,,,,
pjxyqwbk902,,,,
pjxyqwbk910,,,,
pjxyqwbk919,,,,
pjxyqwbk920,,,,
pjxyqwbk922,,,,
pjxyqwbk923,,,,
pjxyqwbk928,,,,
pjxyqwbk931,,,,
pjxyqwbk935,,,,
pjxyqwbk942,,,,
pjxyqwbk943,,,,
pjxyqwbk953,,,,
pjxyqwbk954,,,,
pjxyqwbk955,,,,
pjxyqwbk956,,,,
pjxyqwbk962,,,,
pjxyqwbk966,,,,
pjxyqwbk967,,,,
pjxyqwbk971,,,,
pjxyqwbk972,,,,
pjxyqwbk991,,,,
pjxyqwbk993,,,,
pjxyqwbk996,,,,
pjxyqwbk999,,,,
pjxyqxbj001,,,,
pjxyqxbj002,,,,
pjxyqxbj006,,,,
pjxyqxbj007,,,,
pjxyqxbj012,,,,
pjxyqxbj015,,,,
pjxyqxbj018,,,,
pjxyqxbj023,,,,
pjxyqxbj024,,,,
pjxyqxbj029,,,,
pjxyqxbj034,,,,
pjxyqxbj039,,,,
pjxyqxbj040,,,,
pjxyqxbj043,,,,
pjxyqxbj046,,,,
pjxyqxbj048,,,,
pjxyqxbj049,,,,
pjxyqxbj051,,,,
pjxyqxbj052,,,,
pjxyqxbj058,,,,
pjxyqxbj060,,,,
pjxyqxbj064,,,,
pjxyqxbj065,,,,
pjxyqxbj066,,,,
pjxyqxbj067,,,,
pjxyqxbj074,,,,
pjxyqxbj080,,,,
pjxyqxbj082,,,,
pjxyqxbj084,,,,
pjxyqxbj086,,,,
pjxyqxbj089,,,,
pjxyqxbj092,,,,
pjxyqxbj093,,,,
pjxyqxbj094,,,,
pjxyqxbj095,,,,
pjxyqxbj096,,,,
pjxyqxbj102,,,,
pjxyqxbj105,,,,
pjxyqxbj113,,,,
pjxyqxbj117,,,,
pjxyqxbj119,,,,
pjxyqxbj120,,,,
pjxyqxbj121,,,,
pjxyqxbj124,,,,
pjxyqxbj129,,,,
pjxyqxbj131,,,,
pjxyqxbj139,,,,
pjxyqxbj144,,,,
pjxyqxbj146,,,,
pjxyqxbj148,,,,
pjxyqxbj152,,,,
pjxyqxbj155,,,,
pjxyqxbj158,,,,
pjxyqxbj164,,,,
pjxyqxbj165,,,,
pjxyqxbj167,,,,
pjxyqxbj173,,,,
pjxyqxbj174,,,,
pjxyqxbj180,,,,
pjxyqxbj187,,,,
pjxyqxbj188,,,,
pjxyqxbj192,,,,
pjxyqxbj195,,,,
pjxyqxbj207,,,,
pjxyqxbj214,,,,
pjxyqxbj217,,,,
pjxyqxbj223,,,,
pjxyqxbj224,,,,
pjxyqxbj228,,,,
pjxyqxbj230,,,,
pjxyqxbj237,,,,
pjxyqxbj239,,,,
pjxyqxbj240,,,,
pjxyqxbj243,,,,
pjxyqxbj250,,,,
pjxyqxbj251,,,,
pjxyqxbj253,,,,
pjxyqxbj255,,,,
pjxyqxbj257,,,,
pjxyqxbj262,,,,
pjxyqxbj269,,,,
pjxyqxbj272,,,,
pjxyqxbj273,,,,
pjxyqxbj277,,,,
pjxyqxbj278,,,,
pjxyqxbj279,,,,
pjxyqxbj280,,,,
pjxyqxbj282,,,,
pjxyqxbj283,,,,
pjxyqxbj284,,,,
pjxyqxbj285,,,,
pjxyqxbj286,,,,
pjxyqxbj288,,,,
pjxyqxbj293,,,,
pjxyqxbj294,,,,
pjxyqxbj296,,,,
pjxyqxbj301,,,,
pjxyqxbj305,,,,
pjxyqxbj312,,,,
pjxyqxbj314,,,,
pjxyqxbj317,,,,
pjxyqxbj319,,,,
pjxyqxbj320,,,,
pjxyqxbj323,,,,
pjxyqxbj325,,,,
pjxyqxbj327,,,,
pjxyqxbj330,,,,
pjxyqxbj333,,,,
pjxyqxbj334,,,,
pjxyqxbj337,,,,
pjxyqxbj340,,,,
pjxyqxbj345,,,,
pjxyqxbj347,,,,
pjxyqxbj348,,,,
pjxyqxbj352,,,,
pjxyqxbj355,,,,
pjxyqxbj358,,,,
pjxyqxbj365,,,,
pjxyqxbj370,,,,
pjxyqxbj371,,,,
pjxyqxbj374,,,,
pjxyqxbj379,,,,
pjxyqxbj384,,,,
pjxyqxbj392,,,,
pjxyqxbj395,,,,
pjxyqxbj397,,,,
pjxyqxbj400,,,,
pjxyqxbj404,,,,
pjxyqxbj405,,,,
pjxyqxbj410,,,,
pjxyqxbj412,,,,
pjxyqxbj417,,,,
pjxyqxbj418,,,,
pjxyqxbj422,,,,
pjxyqxbj430,,,,
pjxyqxbj433,,,,
pjxyqxbj439,,,,
pjxyqxbj440,,,,
pjxyqxbj443,,,,
pjxyqxbj451,,,,
pjxyqxbj452,,,,
pjxyqxbj455,,,,
pjxyqxbj459,,,,
pjxyqxbj460,,,,
pjxyqxbj464,,,,
pjxyqxbj465,,,,
pjxyqxbj470,,,,
pjxyqxbj474,,,,
pjxyqxbj476,,,,
pjxyqxbj478,,,,
pjxyqxbj483,,,,
pjxyqxbj484,,,,
pjxyqxbj485,,,,
pjxyqxbj490,,,,
pjxyqxbj491,,,,
pjxyqxbj496,,,,
pjxyqxbj505,,,,
pjxyqxbj506,,,,
pjxyqxbj507,,,,
pjxyqxbj511,,,,
pjxyqxbj512,,,,
pjxyqxbj519,,,,
pjxyqxbj520,,,,
pjxyqxbj521,,,,
pjxyqxbj522,,,,
pjxyqxbj524,,,,
pjxyqxbj525,,,,
pjxyqxbj527,,,,
pjxyqxbj528,,,,
pjxyqxbj529,,,,
pjxyqxbj540,,,,
pjxyqxbj541,,,,
pjxyqxbj545,,,,
pjxyqxbj546,,,,
pjxyqxbj548,,,,
pjxyqxbj554,,,,
pjxyqxbj557,,,,
pjxyqxbj565,,,,
pjxyqxbj569,,,,
pjxyqxbj570,,,,
pjxyqxbj575,,,,
pjxyqxbj577,,,,
pjxyqxbj580,,,,
pjxyqxbj583,,,,
pjxyqxbj584,,,,
pjxyqxbj586,,,,
pjxyqxbj588,,,,
pjxyqxbj594,,,,
pjxyqxbj595,,,,
pjxyqxbj599,,,,
pjxyqxbj605,,,,
pjxyqxbj607,,,,
pjxyqxbj608,,,,
pjxyqxbj609,,,,
pjxyqxbj610,,,,
pjxyqxbj615,,,,
pjxyqxbj616,,,,
pjxyqxbj625,,,,
pjxyqxbj628,,,,
pjxyqxbj629,,,,
pjxyqxbj630,,,,
pjxyqxbj633,,,,
pjxyqxbj635,,,,
pjxyqxbj637,,,,
pjxyqxbj642,,,,
pjxyqxbj643,,,,
pjxyqxbj645,,,,
pjxyqxbj646,,,,
pjxyqxbj647,,,,
pjxyqxbj648,,,,
pjxyqxbj653,,,,
pjxyqxbj657,,,,
pjxyqxbj663,,,,
pjxyqxbj667,,,,
pjxyqxbj669,,,,
pjxyqxbj670,,,,
pjxyqxbj676,,,,
pjxyqxbj686,,,,
pjxyqxbj687,,,,
pjxyqxbj688,,,,
pjxyqxbj692,,,,
pjxyqxbj694,,,,
pjxyqxbj698,,,,
pjxyqxbj707,,,,
pjxyqxbj712,,,,
pjxyqxbj717,,,,
pjxyqxbj724,,,,
pjxyqxbj725,,,,
pjxyqxbj726,,,,
pjxyqxbj728,,,,
pjxyqxbj731,,,,
pjxyqxbj733,,,,
pjxyqxbj734,,,,
pjxyqxbj739,,,,
pjxyqxbj743,,,,
pjxyqxbj744,,,,
pjxyqxbj750,,,,
pjxyqxbj756,,,,
pjxyqxbj757,,,,
pjxyqxbj760,,,,
pjxyqxbj761,,,,
pjxyqxbj769,,,,
pjxyqxbj770,,,,
pjxyqxbj771,,,,
pjxyqxbj772,,,,
pjxyqxbj776,,,,
pjxyqxbj779,,,,
pjxyqxbj780,,,,
pjxyqxbj781,,,,
pjxyqxbj784,,,,
pjxyqxbj788,,,,
pjxyqxbj789,,,,
pjxyqxbj794,,,,
pjxyqxbj795,,,,
pjxyqxbj799,,,,
pjxyqxbj800,,,,
pjxyqxbj801,,,,
pjxyqxbj812,,,,
pjxyqxbj813,,,,
pjxyqxbj815,,,,
pjxyqxbj817,,,,
pjxyqxbj818,,,,
pjxyqxbj823,,,,
pjxyqxbj829,,,,
pjxyqxbj830,,,,
pjxyqxbj831,,,,
pjxyqxbj832,,,,
pjxyqxbj834,,,,
pjxyqxbj835,,,,
pjxyqxbj838,,,,
pjxyqxbj846,,,,
pjxyqxbj848,,,,
pjxyqxbj853,,,,
pjxyqxbj854,,,,
pjxyqxbj858,,,,
pjxyqxbj864,,,,
pjxyqxbj866,,,,
pjxyqxbj867,,,,
pjxyqxbj869,,,,
pjxyqxbj876,,,,
pjxyqxbj879,,,,
pjxyqxbj884,,,,
pjxyqxbj885,,,,
pjxyqxbj888,,,,
pjxyqxbj896,,,,
pjxyqxbj897,,,,
pjxyqxbj898,,,,
pjxyqxbj903,,,,
pjxyqxbj905,,,,
pjxyqxbj907,,,,
pjxyqxbj910,,,,
pjxyqxbj919,,,,
pjxyqxbj921,,,,
pjxyqxbj928,,,,
pjxyqxbj929,,,,
pjxyqxbj932,,,,
pjxyqxbj933,,,,
pjxyqxbj935,,,,
pjxyqxbj940,,,,
pjxyqxbj945,,,,
pjxyqxbj947,,,,
pjxyqxbj948,,,,
pjxyqxbj949,,,,
pjxyqxbj950,,,,
pjxyqxbj952,,,,
pjxyqxbj953,,,,
pjxyqxbj957,,,,
pjxyqxbj961,,,,
pjxyqxbj964,,,,
pjxyqxbj967,,,,
pjxyqxbj968,,,,
pjxyqxbj969,,,,
pjxyqxbj981,,,,
pjxyqxbj985,,,,
pjxyqxbj987,,,,
pjxyqxbj989,,,,
pjxyqxbj993,,,,
pjxyqxbj995,,,,
pjxyqxbk005,,,,
pjxyqxbk007,,,,
pjxyqxbk013,,,,
pjxyqxbk015,,,,
pjxyqxbk019,,,,
pjxyqxbk023,,,,
pjxyqxbk024,,,,
pjxyqxbk025,,,,
pjxyqxbk032,,,,
pjxyqxbk035,,,,
pjxyqxbk039,,,,
pjxyqxbk042,,,,
pjxyqxbk043,,,,
pjxyqxbk046,,,,
pjxyqxbk053,,,,
pjxyqxbk059,,,,
pjxyqxbk063,,,,
pjxyqxbk064,,,,
pjxyqxbk066,,,,
pjxyqxbk067,,,,
pjxyqxbk068,,,,
pjxyqxbk072,,,,
pjxyqxbk075,,,,
pjxyqxbk076,,,,
pjxyqxbk086,,,,
pjxyqxbk094,,,,
pjxyqxbk097,,,,
pjxyqxbk098,,,,
pjxyqxbk100,,,,
pjxyqxbk105,,,,
pjxyqxbk107,,,,
pjxyqxbk115,,,,
pjxyqxbk116,,,,
pjxyqxbk121,,,,
pjxyqxbk131,,,,
pjxyqxbk135,,,,
pjxyqxbk137,,,,
pjxyqxbk138,,,,
pjxyqxbk140,,,,
pjxyqxbk144,,,,
pjxyqxbk149,,,,
pjxyqxbk150,,,,
pjxyqxbk151,,,,
pjxyqxbk154,,,,
pjxyqxbk155,,,,
pjxyqxbk158,,,,
pjxyqxbk159,,,,
pjxyqxbk160,,,,
pjxyqxbk163,,,,
pjxyqxbk166,,,,
pjxyqxbk167,,,,
pjxyqxbk168,,,,
pjxyqxbk171,,,,
pjxyqxbk180,,,,
pjxyqxbk182,,,,
pjxyqxbk183,,,,
pjxyqxbk185,,,,
pjxyqxbk190,,,,
pjxyqxbk194,,,,
pjxyqxbk195,,,,
pjxyqxbk199,,,,
pjxyqxbk208,,,,
pjxyqxbk209,,,,
pjxyqxbk217,,,,
pjxyqxbk218,,,,
pjxyqxbk220,,,,
pjxyqxbk222,,,,
pjxyqxbk224,,,,
pjxyqxbk228,,,,
pjxyqxbk231,,,,
pjxyqxbk232,,,,
pjxyqxbk236,,,,
pjxyqxbk239,,,,
pjxyqxbk242,,,,
pjxyqxbk243,,,,
pjxyqxbk246,,,,
pjxyqxbk253,,,,
pjxyqxbk257,,,,
pjxyqxbk261,,,,
pjxyqxbk262,,,,
pjxyqxbk263,,,,
pjxyqxbk264,,,,
pjxyqxbk269,,,,
pjxyqxbk273,,,,
pjxyqxbk277,,,,
pjxyqxbk281,,,,
pjxyqxbk286,,,,
pjxyqxbk287,,,,
pjxyqxbk290,,,,
pjxyqxbk294,,,,
pjxyqxbk295,,,,
pjxyqxbk297,,,,
pjxyqxbk298,,,,
pjxyqxbk300,,,,
pjxyqxbk302,,,,
pjxyqxbk304,,,,
pjxyqxbk307,,,,
pjxyqxbk314,,,,
pjxyqxbk317,,,,
pjxyqxbk319,,,,
pjxyqxbk325,,,,
pjxyqxbk328,,,,
pjxyqxbk329,,,,
pjxyqxbk330,,,,
pjxyqxbk331,,,,
pjxyqxbk335,,,,
pjxyqxbk338,,,,
pjxyqxbk339,,,,
pjxyqxbk343,,,,
pjxyqxbk346,,,,
pjxyqxbk349,,,,
pjxyqxbk351,,,,
pjxyqxbk354,,,,
pjxyqxbk364,,,,
pjxyqxbk369,,,,
pjxyqxbk370,,,,
pjxyqxbk375,,,,
pjxyqxbk377,,,,
pjxyqxbk378,,,,
pjxyqxbk388,,,,
pjxyqxbk389,,,,
pjxyqxbk391,,,,
pjxyqxbk398,,,,
pjxyqxbk402,,,,
pjxyqxbk403,,,,
pjxyqxbk415,,,,
pjxyqxbk419,,,,
pjxyqxbk426,,,,
pjxyqxbk428,,,,
pjxyqxbk434,,,,
pjxyqxbk437,,,,
pjxyqxbk442,,,,
pjxyqxbk444,,,,
pjxyqxbk445,,,,
pjxyqxbk446,,,,
pjxyqxbk448,,,,
pjxyqxbk452,,,,
pjxyqxbk454,,,,
pjxyqxbk457,,,,
pjxyqxbk460,,,,
pjxyqxbk464,,,,
pjxyqxbk468,,,,
pjxyqxbk472,,,,
pjxyqxbk481,,,,
pjxyqxbk489,,,,
pjxyqxbk491,,,,
pjxyqxbk495,,,,
pjxyqxbk497,,,,
pjxyqxbk505,,,,
pjxyqxbk506,,,,
pjxyqxbk516,,,,
pjxyqxbk521,,,,
pjxyqxbk524,,,,
pjxyqxbk525,,,,
pjxyqxbk527,,,,
pjxyqxbk530,,,,
pjxyqxbk533,,,,
pjxyqxbk534,,,,
pjxyqxbk535,,,,
pjxyqxbk539,,,,
pjxyqxbk543,,,,
pjxyqxbk546,,,,
pjxyqxbk547,,,,
pjxyqxbk549,,,,
pjxyqxbk552,,,,
pjxyqxbk555,,,,
pjxyqxbk556,,,,
pjxyqxbk562,,,,
pjxyqxbk565,,,,
pjxyqxbk567,,,,
pjxyqxbk571,,,,
pjxyqxbk572,,,,
pjxyqxbk573,,,,
pjxyqxbk578,,,,
pjxyqxbk582,,,,
pjxyqxbk592,,,,
pjxyqxbk594,,,,
pjxyqxbk595,,,,
pjxyqxbk597,,,,
pjxyqxbk598,,,,
pjxyqxbk601,,,,
pjxyqxbk604,,,,
pjxyqxbk606,,,,
pjxyqxbk610,,,,
pjxyqxbk611,,,,
pjxyqxbk613,,,,
pjxyqxbk621,,,,
pjxyqxbk625,,,,
pjxyqxbk626,,,,
pjxyqxbk627,,,,
pjxyqxbk629,,,,
pjxyqxbk632,,,,
pjxyqxbk633,,,,
pjxyqxbk634,,,,
pjxyqxbk640,,,,
pjxyqxbk642,,,,
pjxyqxbk647,,,,
pjxyqxbk655,,,,
pjxyqxbk656,,,,
pjxyqxbk657,,,,
pjxyqxbk662,,,,
pjxyqxbk663,,,,
pjxyqxbk665,,,,
pjxyqxbk667,,,,
pjxyqxbk669,,,,
pjxyqxbk674,,,,
pjxyqxbk677,,,,
pjxyqxbk679,,,,
pjxyqxbk681,,,,
pjxyqxbk682,,,,
pjxyqxbk684,,,,
pjxyqxbk685,,,,
pjxyqxbk686,,,,
pjxyqxbk695,,,,
pjxyqxbk697,,,,
pjxyqxbk700,,,,
pjxyqxbk703,,,,
pjxyqxbk705,,,,
pjxyqxbk710,,,,
pjxyqxbk713,,,,
pjxyqxbk717,,,,
pjxyqxbk728,,,,
pjxyqxbk731,,,,
pjxyqxbk733,,,,
pjxyqxbk737,,,,
pjxyqxbk742,,,,
pjxyqxbk743,,,,
pjxyqxbk745,,,,
pjxyqxbk746,,,,
pjxyqxbk748,,,,
pjxyqxbk751,,,,
pjxyqxbk753,,,,
pjxyqxbk755,,,,
pjxyqxbk757,,,,
pjxyqxbk759,,,,
pjxyqxbk760,,,,
pjxyqxbk764,,,,
pjxyqxbk765,,,,
pjxyqxbk767,,,,
pjxyqxbk777,,,,
pjxyqxbk778,,,,
pjxyqxbk779,,,,
pjxyqxbk780,,,,
pjxyqxbk782,,,,
pjxyqxbk787,,,,
pjxyqxbk788,,,,
pjxyqxbk789,,,,
pjxyqxbk791,,,,
pjxyqxbk792,,,,
pjxyqxbk794,,,,
pjxyqxbk795,,,,
pjxyqxbk797,,,,
pjxyqxbk801,,,,
pjxyqxbk803,,,,
pjxyqxbk804,,,,
pjxyqxbk807,,,,
pjxyqxbk810,,,,
pjxyqxbk811,,,,
pjxyqxbk812,,,,
pjxyqxbk813,,,,
pjxyqxbk816,,,,
pjxyqxbk820,,,,
pjxyqxbk822,,,,
pjxyqxbk823,,,,
pjxyqxbk826,,,,
pjxyqxbk827,,,,
pjxyqxbk828,,,,
pjxyqxbk835,,,,
pjxyqxbk841,,,,
pjxyqxbk843,,,,
pjxyqxbk844,,,,
pjxyqxbk846,,,,
pjxyqxbk847,,,,
pjxyqxbk848,,,,
pjxyqxbk853,,,,
pjxyqxbk855,,,,
pjxyqxbk861,,,,
pjxyqxbk863,,,,
pjxyqxbk865,,,,
pjxyqxbk867,,,,
pjxyqxbk868,,,,
pjxyqxbk869,,,,
pjxyqxbk872,,,,
pjxyqxbk873,,,,
pjxyqxbk878,,,,
pjxyqxbk880,,,,
pjxyqxbk885,,,,
pjxyqxbk889,,,,
pjxyqxbk895,,,,
pjxyqxbk898,,,,
pjxyqxbk899,,,,
pjxyqxbk900,,,,
pjxyqxbk905,,,,
pjxyqxbk908,,,,
pjxyqxbk909,,,,
pjxyqxbk910,,,,
pjxyqxbk911,,,,
pjxyqxbk915,,,,
pjxyqxbk923,,,,
pjxyqxbk926,,,,
pjxyqxbk927,,,,
pjxyqxbk929,,,,
pjxyqxbk934,,,,
pjxyqxbk935,,,,
pjxyqxbk936,,,,
pjxyqxbk937,,,,
pjxyqxbk939,,,,
pjxyqxbk941,,,,
pjxyqxbk943,,,,
pjxyqxbk945,,,,
pjxyqxbk950,,,,
pjxyqxbk951,,,,
pjxyqxbk957,,,,
pjxyqxbk958,,,,
pjxyqxbk961,,,,
pjxyqxbk965,,,,
pjxyqxbk969,,,,
pjxyqxbk971,,,,
pjxyqxbk974,,,,
pjxyqxbk978,,,,
pjxyqxbk981,,,,
pjxyqxbk987,,,,
pjxyqxbk992,,,,
pjxyqxbk993,,,,
pjxyqxbk997,,,,
pjxyqxbl677,,,,
pjxyqxbl684,,,,
pjxyqxbl686,,,,
pjxyqxbl699,,,,
pjxyqxbl701,,,,
pjxyqxbl703,,,,
pjxyqxbl704,,,,
pjxyqxbl708,,,,
pjxyqxbl709,,,,
pjxyqxbl710,,,,
pjxyqxbl713,,,,
pjxyqxbl717,,,,
pjxyqxbl724,,,,
pjxyqxbl727,,,,
pjxyqxbl731,,,,
pjxyqxbl735,,,,
pjxyqxbl736,,,,
pjxyqxbl738,,,,
pjxyqxbl742,,,,
pjxyqxbl743,,,,
pjxyqxbl745,,,,
pjxyqxbl746,,,,
pjxyqxbl747,,,,
pjxyqxbl752,,,,
pjxyqxbl755,,,,
pjxyqxbl757,,,,
pjxyqxbl758,,,,
pjxyqxbl759,,,,
pjxyqxbl765,,,,
pjxyqxbl767,,,,
pjxyqxbl768,,,,
pjxyqxbl769,,,,
pjxyqxbl774,,,,
pjxyqxbl779,,,,
pjxyqxbl781,,,,
pjxyqxbl789,,,,
pjxyqxbl793,,,,
pjxyqxbl804,,,,
pjxyqxbl806,,,,
pjxyqxbl810,,,,
pjxyqxbl812,,,,
pjxyqxbl815,,,,
pjxyqxbl816,,,,
pjxyqxbl821,,,,
pjxyqxbl825,,,,
pjxyqxbl826,,,,
pjxyqxbl836,,,,
pjxyqxbl837,,,,
pjxyqxbl843,,,,
pjxyqxbl847,,,,
pjxyqxbl854,,,,
pjxyqxbl857,,,,
pjxyqxbl866,,,,
pjxyqxbl867,,,,
pjxyqxbl872,,,,
pjxyqxbl876,,,,
pjxyqxbl878,,,,
pjxyqxbl879,,,,
pjxyqxbl884,,,,
pjxyqxbl886,,,,
pjxyqxbl889,,,,
pjxyqxbl891,,,,
pjxyqxbl893,,,,
pjxyqxbl895,,,,
pjxyqxbl896,,,,
pjxyqxbl900,,,,
pjxyqxbl904,,,,
pjxyqxbl905,,,,
pjxyqxbl906,,,,
pjxyqxbl907,,,,
pjxyqxbl910,,,,
pjxyqxbl913,,,,
pjxyqxbl916,,,,
pjxyqxbl918,,,,
pjxyqxbl919,,,,
pjxyqxbl921,,,,
pjxyqxbl927,,,,
pjxyqxbl930,,,,
pjxyqxbl931,,,,
pjxyqxbl934,,,,
pjxyqxbl939,,,,
pjxyqxbl945,,,,
pjxyqxbl946,,,,
pjxyqxbl950,,,,
pjxyqxbl952,,,,
pjxyqxbl953,,,,
pjxyqxbl954,,,,
pjxyqxbl955,,,,
pjxyqxbl962,,,,
pjxyqxbl963,,,,
pjxyqxbl964,,,,
pjxyqxbl965,,,,
pjxyqxbl966,,,,
pjxyqxbl969,,,,
pjxyqxbl970,,,,
pjxyqxbl980,,,,
pjxyqxbl984,,,,
pjxyqxbl985,,,,
pjxyqxbl987,,,,
pjxyqxbl988,,,,
pjxyqxbl989,,,,
pjxyqxbl990,,,,
pjxyqxbl991,,,,
pjxyqxbl992,,,,
pjxyqxbl993,,,,
pjxyqxbl996,,,,
pjxyqxbl999,,,,
